--Notification Data--
insert into notifications (id, userId, type_, text, thumbnail, notificationId, checkStatus) values (1, 5, 'reaction', 'p3WA5r8699W138M8061P', 'http://dummyimage.com/120x236.png/dddddd/000000', 1, 1);
insert into notifications (id, userId, type_, text, thumbnail, notificationId, checkStatus) values (2, 6, 'comment', '37skrH8907rRwj2i4tZA', 'http://dummyimage.com/181x116.bmp/5fa2dd/ffffff', 2, 1);
insert into notifications (id, userId, type_, text, thumbnail, notificationId, checkStatus) values (3, 4, 'reaction', '628O8r6x4S3D61jVBEcj', 'http://dummyimage.com/138x232.png/dddddd/000000', 3, 1);
insert into notifications (id, userId, type_, text, thumbnail, notificationId, checkStatus) values (4, 6, 'comment', '7511297R23c41za551fp', 'http://dummyimage.com/241x124.bmp/cc0000/ffffff', 4, 1);
insert into notifications (id, userId, type_, text, thumbnail, notificationId, checkStatus) values (5, 3, 'followed_by', 'lM3F0648K6k07Rq3GE50', 'http://dummyimage.com/199x241.bmp/5fa2dd/ffffff', 5, 1);
insert into notifications (id, userId, type_, text, thumbnail, notificationId, checkStatus) values (6, 5, 'reaction', '45GuJ811PdX254w89707', 'http://dummyimage.com/165x165.png/dddddd/000000', 6, 0);
insert into notifications (id, userId, type_, text, thumbnail, notificationId, checkStatus) values (7, 3, 'reaction', 'T4V0Ij2732fc5v0CjPp8', 'http://dummyimage.com/127x208.bmp/dddddd/000000', 7, 1);
insert into notifications (id, userId, type_, text, thumbnail, notificationId, checkStatus) values (8, 6, 'reaction', 'b1k9h32Y409639u862u5', 'http://dummyimage.com/151x117.bmp/5fa2dd/ffffff', 8, 1);
insert into notifications (id, userId, type_, text, thumbnail, notificationId, checkStatus) values (9, 6, 'reaction', '73DF78500O24S4MhXjwI', 'http://dummyimage.com/121x247.png/ff4444/ffffff', 9, 1);
insert into notifications (id, userId, type_, text, thumbnail, notificationId, checkStatus) values (10, 5, 'followed_by', '15A911F712o5Eq311M88', 'http://dummyimage.com/136x236.jpg/ff4444/ffffff', 10, 1);
insert into notifications (id, userId, type_, text, thumbnail, notificationId, checkStatus) values (11, 6, 'followed_by', '34g3lNc99z92jLEk1Bx2', 'http://dummyimage.com/149x246.png/dddddd/000000', 11, 1);
insert into notifications (id, userId, type_, text, thumbnail, notificationId, checkStatus) values (12, 4, 'followed_by', 'BEsLK1V938N43KR0Todl', 'http://dummyimage.com/115x146.bmp/dddddd/000000', 12, 0);
insert into notifications (id, userId, type_, text, thumbnail, notificationId, checkStatus) values (13, 6, 'reaction', '1h55G30250j43G13W166', 'http://dummyimage.com/163x141.bmp/5fa2dd/ffffff', 13, 0);
insert into notifications (id, userId, type_, text, thumbnail, notificationId, checkStatus) values (14, 2, 'reaction', 'U8s331b7E8785Y0nY9FQ', 'http://dummyimage.com/183x128.bmp/5fa2dd/ffffff', 14, 1);
insert into notifications (id, userId, type_, text, thumbnail, notificationId, checkStatus) values (15, 6, 'reaction', '71un734gqcYKB655mGo7', 'http://dummyimage.com/184x103.png/cc0000/ffffff', 15, 0);
insert into notifications (id, userId, type_, text, thumbnail, notificationId, checkStatus) values (16, 2, 'reaction', '8Deq145398dH8HJ88LEJ', 'http://dummyimage.com/101x135.jpg/cc0000/ffffff', 16, 1);
insert into notifications (id, userId, type_, text, thumbnail, notificationId, checkStatus) values (17, 4, 'comment', 'Y99f4sZ1C114X4Yzpi62', 'http://dummyimage.com/202x227.bmp/dddddd/000000', 17, 0);
insert into notifications (id, userId, type_, text, thumbnail, notificationId, checkStatus) values (18, 4, 'reaction', 'x8253d15fj2W84TUB148', 'http://dummyimage.com/112x108.png/5fa2dd/ffffff', 18, 0);
insert into notifications (id, userId, type_, text, thumbnail, notificationId, checkStatus) values (19, 4, 'reaction', '3167O1Rp6pw19tmO3LW9', 'http://dummyimage.com/101x179.png/5fa2dd/ffffff', 19, 1);
insert into notifications (id, userId, type_, text, thumbnail, notificationId, checkStatus) values (20, 3, 'reaction', 'dW63nBt8ex0D261xlAd1', 'http://dummyimage.com/201x174.bmp/5fa2dd/ffffff', 20, 1);
insert into notifications (id, userId, type_, text, thumbnail, notificationId, checkStatus) values (21, 5, 'followed_by', '7J0K49712AI5uc07428l', 'http://dummyimage.com/210x144.bmp/5fa2dd/ffffff', 21, 1);
insert into notifications (id, userId, type_, text, thumbnail, notificationId, checkStatus) values (22, 1, 'reaction', '665I442uLjF0KZL1yi9r', 'http://dummyimage.com/226x178.jpg/5fa2dd/ffffff', 22, 1);
insert into notifications (id, userId, type_, text, thumbnail, notificationId, checkStatus) values (23, 3, 'reaction', 'q3F97xRv52xg68x8eX37', 'http://dummyimage.com/172x147.bmp/5fa2dd/ffffff', 23, 1);
insert into notifications (id, userId, type_, text, thumbnail, notificationId, checkStatus) values (24, 5, 'comment', '7m8qLy0262d01009BFJH', 'http://dummyimage.com/157x143.jpg/ff4444/ffffff', 24, 0);
insert into notifications (id, userId, type_, text, thumbnail, notificationId, checkStatus) values (25, 2, 'comment', 'Ck96MpI0ip7P36Fv4EYg', 'http://dummyimage.com/191x121.bmp/dddddd/000000', 25, 0);
insert into notifications (id, userId, type_, text, thumbnail, notificationId, checkStatus) values (26, 2, 'followed_by', 'zV103207sNI3r90C3H31', 'http://dummyimage.com/222x209.jpg/5fa2dd/ffffff', 26, 0);
insert into notifications (id, userId, type_, text, thumbnail, notificationId, checkStatus) values (27, 2, 'followed_by', 'IY6P6D3x8e3x82kJ6V96', 'http://dummyimage.com/160x199.png/ff4444/ffffff', 27, 1);
insert into notifications (id, userId, type_, text, thumbnail, notificationId, checkStatus) values (28, 4, 'comment', 't246b5d1O80Si7263cm9', 'http://dummyimage.com/130x126.png/5fa2dd/ffffff', 28, 1);
insert into notifications (id, userId, type_, text, thumbnail, notificationId, checkStatus) values (29, 3, 'followed_by', 'J6yz367Vd5r4a4eA982l', 'http://dummyimage.com/117x190.bmp/ff4444/ffffff', 29, 1);
insert into notifications (id, userId, type_, text, thumbnail, notificationId, checkStatus) values (30, 5, 'reaction', '5cJ98O562t5822Z9mO3c', 'http://dummyimage.com/200x177.bmp/dddddd/000000', 30, 0);
insert into notifications (id, userId, type_, text, thumbnail, notificationId, checkStatus) values (31, 5, 'followed_by', '5o87oLkZ3dA2192714qT', 'http://dummyimage.com/112x180.bmp/ff4444/ffffff', 31, 0);
insert into notifications (id, userId, type_, text, thumbnail, notificationId, checkStatus) values (32, 4, 'reaction', 'tlF5pP3536CA5S6z92V0', 'http://dummyimage.com/157x217.jpg/cc0000/ffffff', 32, 0);
insert into notifications (id, userId, type_, text, thumbnail, notificationId, checkStatus) values (33, 5, 'reaction', '2y3VqIHx5OQC0o17vImq', 'http://dummyimage.com/220x106.png/dddddd/000000', 33, 1);
insert into notifications (id, userId, type_, text, thumbnail, notificationId, checkStatus) values (34, 2, 'comment', '3912Q9n1s7sV292Tss40', 'http://dummyimage.com/113x159.jpg/5fa2dd/ffffff', 34, 0);
insert into notifications (id, userId, type_, text, thumbnail, notificationId, checkStatus) values (35, 6, 'comment', '51nPQ6EOl345j56R51OJ', 'http://dummyimage.com/196x202.jpg/ff4444/ffffff', 35, 0);
insert into notifications (id, userId, type_, text, thumbnail, notificationId, checkStatus) values (36, 5, 'followed_by', '4iGeGuj64M063OX4mybA', 'http://dummyimage.com/148x154.jpg/ff4444/ffffff', 36, 1);
insert into notifications (id, userId, type_, text, thumbnail, notificationId, checkStatus) values (37, 5, 'comment', 'o7AWL500770d8315Lm5i', 'http://dummyimage.com/125x153.jpg/cc0000/ffffff', 37, 1);
insert into notifications (id, userId, type_, text, thumbnail, notificationId, checkStatus) values (38, 3, 'reaction', '6E063J8r92u0732oB657', 'http://dummyimage.com/113x210.jpg/dddddd/000000', 38, 0);
insert into notifications (id, userId, type_, text, thumbnail, notificationId, checkStatus) values (39, 4, 'reaction', '37I34MG949W4L87t37i7', 'http://dummyimage.com/247x194.bmp/dddddd/000000', 39, 0);
insert into notifications (id, userId, type_, text, thumbnail, notificationId, checkStatus) values (40, 3, 'followed_by', 'l6rlkT6r04G264Pok8v7', 'http://dummyimage.com/237x195.jpg/ff4444/ffffff', 40, 1);
insert into notifications (id, userId, type_, text, thumbnail, notificationId, checkStatus) values (41, 4, 'comment', 'Hdq4Tk2ur5y4Q7cW2GB3', 'http://dummyimage.com/135x132.bmp/cc0000/ffffff', 41, 1);
insert into notifications (id, userId, type_, text, thumbnail, notificationId, checkStatus) values (42, 2, 'followed_by', '0i8D311D6T2F9Bq5wj8l', 'http://dummyimage.com/209x116.png/cc0000/ffffff', 42, 0);
insert into notifications (id, userId, type_, text, thumbnail, notificationId, checkStatus) values (43, 3, 'reaction', 'H2fc08h9D6V5vg1267TN', 'http://dummyimage.com/205x169.bmp/5fa2dd/ffffff', 43, 0);
insert into notifications (id, userId, type_, text, thumbnail, notificationId, checkStatus) values (44, 1, 'reaction', 'soBk8nhB3l45119b33b6', 'http://dummyimage.com/234x232.bmp/cc0000/ffffff', 44, 1);
insert into notifications (id, userId, type_, text, thumbnail, notificationId, checkStatus) values (45, 5, 'comment', 'Gl46Ur1wy2c0WQr64t99', 'http://dummyimage.com/230x230.bmp/5fa2dd/ffffff', 45, 0);
insert into notifications (id, userId, type_, text, thumbnail, notificationId, checkStatus) values (46, 3, 'comment', '58346f264V31E0ByG2Ap', 'http://dummyimage.com/116x203.bmp/dddddd/000000', 46, 0);
insert into notifications (id, userId, type_, text, thumbnail, notificationId, checkStatus) values (47, 6, 'followed_by', 'r1D08785j9En0S91rRv0', 'http://dummyimage.com/143x213.jpg/5fa2dd/ffffff', 47, 0);
insert into notifications (id, userId, type_, text, thumbnail, notificationId, checkStatus) values (48, 2, 'reaction', '23Z0191GA25M9f160WT2', 'http://dummyimage.com/151x246.bmp/dddddd/000000', 48, 1);
insert into notifications (id, userId, type_, text, thumbnail, notificationId, checkStatus) values (49, 2, 'comment', '62l8KVm1294yJ75c1400', 'http://dummyimage.com/121x156.bmp/cc0000/ffffff', 49, 1);
insert into notifications (id, userId, type_, text, thumbnail, notificationId, checkStatus) values (50, 3, 'reaction', 'yRT96G35VwS3010996t4', 'http://dummyimage.com/148x245.bmp/cc0000/ffffff', 50, 1);
insert into notifications (id, userId, type_, text, thumbnail, notificationId, checkStatus) values (51, 5, 'comment', '3a9IX9uFn2a8uSs9Sg0p', 'http://dummyimage.com/225x168.bmp/ff4444/ffffff', 51, 0);
insert into notifications (id, userId, type_, text, thumbnail, notificationId, checkStatus) values (52, 6, 'comment', '07j4s9y6cFVxrcN4f652', 'http://dummyimage.com/187x142.png/5fa2dd/ffffff', 52, 1);
insert into notifications (id, userId, type_, text, thumbnail, notificationId, checkStatus) values (53, 6, 'followed_by', '98Q153eV4QmK7GmO941C', 'http://dummyimage.com/248x166.bmp/5fa2dd/ffffff', 53, 1);
insert into notifications (id, userId, type_, text, thumbnail, notificationId, checkStatus) values (54, 5, 'comment', 'S3H3358654565OV9642C', 'http://dummyimage.com/231x105.jpg/ff4444/ffffff', 54, 1);
insert into notifications (id, userId, type_, text, thumbnail, notificationId, checkStatus) values (55, 5, 'comment', '57R5p81m3373458177V9', 'http://dummyimage.com/171x246.bmp/dddddd/000000', 55, 0);
insert into notifications (id, userId, type_, text, thumbnail, notificationId, checkStatus) values (56, 5, 'comment', 'VvuH44350P2BI24n5p73', 'http://dummyimage.com/233x154.bmp/5fa2dd/ffffff', 56, 0);
insert into notifications (id, userId, type_, text, thumbnail, notificationId, checkStatus) values (57, 3, 'comment', 'i7452ol0b4xUg2I219eg', 'http://dummyimage.com/250x230.jpg/ff4444/ffffff', 57, 0);
insert into notifications (id, userId, type_, text, thumbnail, notificationId, checkStatus) values (58, 4, 'reaction', 'G117J85P0691p68pszdQ', 'http://dummyimage.com/221x188.jpg/5fa2dd/ffffff', 58, 1);
insert into notifications (id, userId, type_, text, thumbnail, notificationId, checkStatus) values (59, 4, 'followed_by', 'Z929zh7575Uft64140UV', 'http://dummyimage.com/159x175.bmp/dddddd/000000', 59, 0);
insert into notifications (id, userId, type_, text, thumbnail, notificationId, checkStatus) values (60, 6, 'followed_by', 'T826469C69P68a73p92U', 'http://dummyimage.com/201x203.png/cc0000/ffffff', 60, 1);
insert into notifications (id, userId, type_, text, thumbnail, notificationId, checkStatus) values (61, 1, 'followed_by', '06E64mv0V15vG3N2368x', 'http://dummyimage.com/186x226.jpg/5fa2dd/ffffff', 61, 0);
insert into notifications (id, userId, type_, text, thumbnail, notificationId, checkStatus) values (62, 3, 'followed_by', '26kn0K3964n72D598fi0', 'http://dummyimage.com/141x105.bmp/ff4444/ffffff', 62, 0);
insert into notifications (id, userId, type_, text, thumbnail, notificationId, checkStatus) values (63, 4, 'comment', '6aG09X6W9L202O31l32U', 'http://dummyimage.com/188x208.jpg/5fa2dd/ffffff', 63, 1);
insert into notifications (id, userId, type_, text, thumbnail, notificationId, checkStatus) values (64, 1, 'reaction', '15U57G7S73uC07731P12', 'http://dummyimage.com/182x243.png/dddddd/000000', 64, 1);
insert into notifications (id, userId, type_, text, thumbnail, notificationId, checkStatus) values (65, 4, 'reaction', 'Fq1X3b0yx2616Y5gZB40', 'http://dummyimage.com/201x216.bmp/5fa2dd/ffffff', 65, 0);
insert into notifications (id, userId, type_, text, thumbnail, notificationId, checkStatus) values (66, 2, 'reaction', 'v71H616x8371U23e9po3', 'http://dummyimage.com/246x247.jpg/ff4444/ffffff', 66, 0);
insert into notifications (id, userId, type_, text, thumbnail, notificationId, checkStatus) values (67, 1, 'comment', '3k9367Az4WS4x3DvYGK5', 'http://dummyimage.com/206x225.png/5fa2dd/ffffff', 67, 0);
insert into notifications (id, userId, type_, text, thumbnail, notificationId, checkStatus) values (68, 4, 'reaction', '2H36f2X550giO71ue5P6', 'http://dummyimage.com/151x250.png/ff4444/ffffff', 68, 0);
insert into notifications (id, userId, type_, text, thumbnail, notificationId, checkStatus) values (69, 1, 'comment', '8b0813Ah06196540g7c6', 'http://dummyimage.com/231x185.jpg/dddddd/000000', 69, 0);
insert into notifications (id, userId, type_, text, thumbnail, notificationId, checkStatus) values (70, 3, 'comment', 'ShW45vI3u6n0HQ11m6H4', 'http://dummyimage.com/119x195.bmp/5fa2dd/ffffff', 70, 1);
insert into notifications (id, userId, type_, text, thumbnail, notificationId, checkStatus) values (71, 3, 'followed_by', '359bHJ45EsD9M3OaU9d0', 'http://dummyimage.com/113x133.jpg/5fa2dd/ffffff', 71, 1);
insert into notifications (id, userId, type_, text, thumbnail, notificationId, checkStatus) values (72, 4, 'comment', '3mh339452g36A25Fq320', 'http://dummyimage.com/180x211.png/ff4444/ffffff', 72, 0);
insert into notifications (id, userId, type_, text, thumbnail, notificationId, checkStatus) values (73, 4, 'reaction', '2x7266v45L92wmG0Mvyd', 'http://dummyimage.com/129x160.bmp/ff4444/ffffff', 73, 1);
insert into notifications (id, userId, type_, text, thumbnail, notificationId, checkStatus) values (74, 2, 'followed_by', 'W6wZuOt517oF5fHan84p', 'http://dummyimage.com/202x129.png/cc0000/ffffff', 74, 1);
insert into notifications (id, userId, type_, text, thumbnail, notificationId, checkStatus) values (75, 2, 'reaction', 'de80zUGL1019y8572bm9', 'http://dummyimage.com/205x250.png/cc0000/ffffff', 75, 1);
insert into notifications (id, userId, type_, text, thumbnail, notificationId, checkStatus) values (76, 5, 'followed_by', '60X309b93GhRGQawgA17', 'http://dummyimage.com/126x154.png/dddddd/000000', 76, 0);
insert into notifications (id, userId, type_, text, thumbnail, notificationId, checkStatus) values (77, 5, 'reaction', 'e97s5O3kP11NlB58457c', 'http://dummyimage.com/237x246.jpg/cc0000/ffffff', 77, 1);
insert into notifications (id, userId, type_, text, thumbnail, notificationId, checkStatus) values (78, 4, 'comment', '9g85E5u28AWjb3885x3P', 'http://dummyimage.com/237x225.png/5fa2dd/ffffff', 78, 1);
insert into notifications (id, userId, type_, text, thumbnail, notificationId, checkStatus) values (79, 3, 'reaction', '69O95825RWy0u8743dyj', 'http://dummyimage.com/128x167.jpg/5fa2dd/ffffff', 79, 0);
insert into notifications (id, userId, type_, text, thumbnail, notificationId, checkStatus) values (80, 5, 'followed_by', '9338627bri1MV5108aR9', 'http://dummyimage.com/187x247.png/5fa2dd/ffffff', 80, 1);
insert into notifications (id, userId, type_, text, thumbnail, notificationId, checkStatus) values (81, 1, 'reaction', 'P60gt3MQ8hYbAnRBz7N2', 'http://dummyimage.com/159x140.jpg/dddddd/000000', 81, 0);
insert into notifications (id, userId, type_, text, thumbnail, notificationId, checkStatus) values (82, 1, 'comment', 'dy95o68vq3hoC7k46E6I', 'http://dummyimage.com/115x172.bmp/dddddd/000000', 82, 0);
insert into notifications (id, userId, type_, text, thumbnail, notificationId, checkStatus) values (83, 6, 'followed_by', '00v0wd3E521Ad024jz7e', 'http://dummyimage.com/216x149.jpg/5fa2dd/ffffff', 83, 1);
insert into notifications (id, userId, type_, text, thumbnail, notificationId, checkStatus) values (84, 4, 'comment', '6ARrYEN86j5u80391Oh3', 'http://dummyimage.com/152x132.png/cc0000/ffffff', 84, 0);
insert into notifications (id, userId, type_, text, thumbnail, notificationId, checkStatus) values (85, 6, 'comment', '0ayW4Lq58b5664Qv9p55', 'http://dummyimage.com/179x186.jpg/dddddd/000000', 85, 0);
insert into notifications (id, userId, type_, text, thumbnail, notificationId, checkStatus) values (86, 2, 'comment', 'r5i444G9O16o4uO254A5', 'http://dummyimage.com/130x206.png/cc0000/ffffff', 86, 0);
insert into notifications (id, userId, type_, text, thumbnail, notificationId, checkStatus) values (87, 1, 'comment', '105WCBRN6W5e94560FKO', 'http://dummyimage.com/102x105.bmp/ff4444/ffffff', 87, 1);
insert into notifications (id, userId, type_, text, thumbnail, notificationId, checkStatus) values (88, 2, 'comment', 'Gl63Nts4183x3h6j0E09', 'http://dummyimage.com/214x160.bmp/cc0000/ffffff', 88, 1);
insert into notifications (id, userId, type_, text, thumbnail, notificationId, checkStatus) values (89, 5, 'followed_by', 'v9Z586443xUa479yt43P', 'http://dummyimage.com/140x216.png/ff4444/ffffff', 89, 1);
insert into notifications (id, userId, type_, text, thumbnail, notificationId, checkStatus) values (90, 4, 'reaction', '2a19P9438Cs930n6bi1W', 'http://dummyimage.com/115x134.bmp/5fa2dd/ffffff', 90, 0);
insert into notifications (id, userId, type_, text, thumbnail, notificationId, checkStatus) values (91, 2, 'followed_by', 'O42c8Cp4ZBx0ka6UX06e', 'http://dummyimage.com/203x249.bmp/ff4444/ffffff', 91, 0);
insert into notifications (id, userId, type_, text, thumbnail, notificationId, checkStatus) values (92, 6, 'reaction', '9h302pvw9c8hKt035361', 'http://dummyimage.com/240x216.bmp/5fa2dd/ffffff', 92, 1);
insert into notifications (id, userId, type_, text, thumbnail, notificationId, checkStatus) values (93, 1, 'reaction', 'cH37K2FjJ7Ck08e8I9VY', 'http://dummyimage.com/118x169.bmp/cc0000/ffffff', 93, 0);
insert into notifications (id, userId, type_, text, thumbnail, notificationId, checkStatus) values (94, 3, 'followed_by', 'fAC9mN10C6voYdTon0J6', 'http://dummyimage.com/194x167.bmp/cc0000/ffffff', 94, 0);
insert into notifications (id, userId, type_, text, thumbnail, notificationId, checkStatus) values (95, 3, 'reaction', 'mNVtj47nrgJZI32JDmY3', 'http://dummyimage.com/231x204.png/cc0000/ffffff', 95, 0);
insert into notifications (id, userId, type_, text, thumbnail, notificationId, checkStatus) values (96, 5, 'followed_by', 'WA6DHtIS9TyQN7W12p93', 'http://dummyimage.com/146x162.jpg/dddddd/000000', 96, 1);
insert into notifications (id, userId, type_, text, thumbnail, notificationId, checkStatus) values (97, 4, 'followed_by', '68107lKd3347o75bO0rv', 'http://dummyimage.com/164x134.jpg/5fa2dd/ffffff', 97, 1);
insert into notifications (id, userId, type_, text, thumbnail, notificationId, checkStatus) values (98, 4, 'followed_by', '668XAAh3T1Zb7P05M4zR', 'http://dummyimage.com/231x211.png/cc0000/ffffff', 98, 1);
insert into notifications (id, userId, type_, text, thumbnail, notificationId, checkStatus) values (99, 5, 'comment', 'e4k4L4S1Pau0r3dth0EC', 'http://dummyimage.com/134x134.jpg/5fa2dd/ffffff', 99, 0);
insert into notifications (id, userId, type_, text, thumbnail, notificationId, checkStatus) values (100, 2, 'comment', '37GZwv31832109r3J531', 'http://dummyimage.com/230x230.jpg/dddddd/000000', 100, 0);
--NotificationPost Data--
insert into notificationPosts (id, post_id, comment_id) values (1, 1, 1);
insert into notificationPosts (id, post_id, comment_id) values (2, 2, 2);
insert into notificationPosts (id, post_id, comment_id) values (3, 3, 3);
insert into notificationPosts (id, post_id, comment_id) values (4, 4, 4);
insert into notificationPosts (id, post_id, comment_id) values (5, 5, 5);
insert into notificationPosts (id, post_id, comment_id) values (6, 6, 6);
insert into notificationPosts (id, post_id, comment_id) values (7, 7, 7);
insert into notificationPosts (id, post_id, comment_id) values (8, 8, 8);
insert into notificationPosts (id, post_id, comment_id) values (9, 9, 9);
insert into notificationPosts (id, post_id, comment_id) values (10, 10, 10);
insert into notificationPosts (id, post_id, comment_id) values (11, 11, 11);
insert into notificationPosts (id, post_id, comment_id) values (12, 12, 12);
insert into notificationPosts (id, post_id, comment_id) values (13, 13, 13);
insert into notificationPosts (id, post_id, comment_id) values (14, 14, 14);
insert into notificationPosts (id, post_id, comment_id) values (15, 15, 15);
insert into notificationPosts (id, post_id, comment_id) values (16, 16, 16);
insert into notificationPosts (id, post_id, comment_id) values (17, 17, 17);
insert into notificationPosts (id, post_id, comment_id) values (18, 18, 18);
insert into notificationPosts (id, post_id, comment_id) values (19, 19, 19);
insert into notificationPosts (id, post_id, comment_id) values (20, 20, 20);
insert into notificationPosts (id, post_id, comment_id) values (21, 21, 21);
insert into notificationPosts (id, post_id, comment_id) values (22, 22, 22);
insert into notificationPosts (id, post_id, comment_id) values (23, 23, 23);
insert into notificationPosts (id, post_id, comment_id) values (24, 24, 24);
insert into notificationPosts (id, post_id, comment_id) values (25, 25, 25);
insert into notificationPosts (id, post_id, comment_id) values (26, 26, 26);
insert into notificationPosts (id, post_id, comment_id) values (27, 27, 27);
insert into notificationPosts (id, post_id, comment_id) values (28, 28, 28);
insert into notificationPosts (id, post_id, comment_id) values (29, 29, 29);
insert into notificationPosts (id, post_id, comment_id) values (30, 30, 30);
insert into notificationPosts (id, post_id, comment_id) values (31, 31, 31);
insert into notificationPosts (id, post_id, comment_id) values (32, 32, 32);
insert into notificationPosts (id, post_id, comment_id) values (33, 33, 33);
insert into notificationPosts (id, post_id, comment_id) values (34, 34, 34);
insert into notificationPosts (id, post_id, comment_id) values (35, 35, 35);
insert into notificationPosts (id, post_id, comment_id) values (36, 36, 36);
insert into notificationPosts (id, post_id, comment_id) values (37, 37, 37);
insert into notificationPosts (id, post_id, comment_id) values (38, 38, 38);
insert into notificationPosts (id, post_id, comment_id) values (39, 39, 39);
insert into notificationPosts (id, post_id, comment_id) values (40, 40, 40);
insert into notificationPosts (id, post_id, comment_id) values (41, 41, 41);
insert into notificationPosts (id, post_id, comment_id) values (42, 42, 42);
insert into notificationPosts (id, post_id, comment_id) values (43, 43, 43);
insert into notificationPosts (id, post_id, comment_id) values (44, 44, 44);
insert into notificationPosts (id, post_id, comment_id) values (45, 45, 45);
insert into notificationPosts (id, post_id, comment_id) values (46, 46, 46);
insert into notificationPosts (id, post_id, comment_id) values (47, 47, 47);
insert into notificationPosts (id, post_id, comment_id) values (48, 48, 48);
insert into notificationPosts (id, post_id, comment_id) values (49, 49, 49);
insert into notificationPosts (id, post_id, comment_id) values (50, 50, 50);
insert into notificationPosts (id, post_id, comment_id) values (51, 51, 51);
insert into notificationPosts (id, post_id, comment_id) values (52, 52, 52);
insert into notificationPosts (id, post_id, comment_id) values (53, 53, 53);
insert into notificationPosts (id, post_id, comment_id) values (54, 54, 54);
insert into notificationPosts (id, post_id, comment_id) values (55, 55, 55);
insert into notificationPosts (id, post_id, comment_id) values (56, 56, 56);
insert into notificationPosts (id, post_id, comment_id) values (57, 57, 57);
insert into notificationPosts (id, post_id, comment_id) values (58, 58, 58);
insert into notificationPosts (id, post_id, comment_id) values (59, 59, 59);
insert into notificationPosts (id, post_id, comment_id) values (60, 60, 60);
insert into notificationPosts (id, post_id, comment_id) values (61, 61, 61);
insert into notificationPosts (id, post_id, comment_id) values (62, 62, 62);
insert into notificationPosts (id, post_id, comment_id) values (63, 63, 63);
insert into notificationPosts (id, post_id, comment_id) values (64, 64, 64);
insert into notificationPosts (id, post_id, comment_id) values (65, 65, 65);
insert into notificationPosts (id, post_id, comment_id) values (66, 66, 66);
insert into notificationPosts (id, post_id, comment_id) values (67, 67, 67);
insert into notificationPosts (id, post_id, comment_id) values (68, 68, 68);
insert into notificationPosts (id, post_id, comment_id) values (69, 69, 69);
insert into notificationPosts (id, post_id, comment_id) values (70, 70, 70);
insert into notificationPosts (id, post_id, comment_id) values (71, 71, 71);
insert into notificationPosts (id, post_id, comment_id) values (72, 72, 72);
insert into notificationPosts (id, post_id, comment_id) values (73, 73, 73);
insert into notificationPosts (id, post_id, comment_id) values (74, 74, 74);
insert into notificationPosts (id, post_id, comment_id) values (75, 75, 75);
insert into notificationPosts (id, post_id, comment_id) values (76, 76, 76);
insert into notificationPosts (id, post_id, comment_id) values (77, 77, 77);
insert into notificationPosts (id, post_id, comment_id) values (78, 78, 78);
insert into notificationPosts (id, post_id, comment_id) values (79, 79, 79);
insert into notificationPosts (id, post_id, comment_id) values (80, 80, 80);
insert into notificationPosts (id, post_id, comment_id) values (81, 81, 81);
insert into notificationPosts (id, post_id, comment_id) values (82, 82, 82);
insert into notificationPosts (id, post_id, comment_id) values (83, 83, 83);
insert into notificationPosts (id, post_id, comment_id) values (84, 84, 84);
insert into notificationPosts (id, post_id, comment_id) values (85, 85, 85);
insert into notificationPosts (id, post_id, comment_id) values (86, 86, 86);
insert into notificationPosts (id, post_id, comment_id) values (87, 87, 87);
insert into notificationPosts (id, post_id, comment_id) values (88, 88, 88);
insert into notificationPosts (id, post_id, comment_id) values (89, 89, 89);
insert into notificationPosts (id, post_id, comment_id) values (90, 90, 90);
insert into notificationPosts (id, post_id, comment_id) values (91, 91, 91);
insert into notificationPosts (id, post_id, comment_id) values (92, 92, 92);
insert into notificationPosts (id, post_id, comment_id) values (93, 93, 93);
insert into notificationPosts (id, post_id, comment_id) values (94, 94, 94);
insert into notificationPosts (id, post_id, comment_id) values (95, 95, 95);
insert into notificationPosts (id, post_id, comment_id) values (96, 96, 96);
insert into notificationPosts (id, post_id, comment_id) values (97, 97, 97);
insert into notificationPosts (id, post_id, comment_id) values (98, 98, 98);
insert into notificationPosts (id, post_id, comment_id) values (99, 99, 99);
insert into notificationPosts (id, post_id, comment_id) values (100, 100, 100);
--Notification Reaction Data--
insert into notificationReactions (id, reaction_id) values (1, 1);
insert into notificationReactions (id, reaction_id) values (2, 2);
insert into notificationReactions (id, reaction_id) values (3, 3);
insert into notificationReactions (id, reaction_id) values (4, 4);
insert into notificationReactions (id, reaction_id) values (5, 5);
insert into notificationReactions (id, reaction_id) values (6, 6);
insert into notificationReactions (id, reaction_id) values (7, 7);
insert into notificationReactions (id, reaction_id) values (8, 8);
insert into notificationReactions (id, reaction_id) values (9, 9);
insert into notificationReactions (id, reaction_id) values (10, 10);
insert into notificationReactions (id, reaction_id) values (11, 11);
insert into notificationReactions (id, reaction_id) values (12, 12);
insert into notificationReactions (id, reaction_id) values (13, 13);
insert into notificationReactions (id, reaction_id) values (14, 14);
insert into notificationReactions (id, reaction_id) values (15, 15);
insert into notificationReactions (id, reaction_id) values (16, 16);
insert into notificationReactions (id, reaction_id) values (17, 17);
insert into notificationReactions (id, reaction_id) values (18, 18);
insert into notificationReactions (id, reaction_id) values (19, 19);
insert into notificationReactions (id, reaction_id) values (20, 20);
insert into notificationReactions (id, reaction_id) values (21, 21);
insert into notificationReactions (id, reaction_id) values (22, 22);
insert into notificationReactions (id, reaction_id) values (23, 23);
insert into notificationReactions (id, reaction_id) values (24, 24);
insert into notificationReactions (id, reaction_id) values (25, 25);
insert into notificationReactions (id, reaction_id) values (26, 26);
insert into notificationReactions (id, reaction_id) values (27, 27);
insert into notificationReactions (id, reaction_id) values (28, 28);
insert into notificationReactions (id, reaction_id) values (29, 29);
insert into notificationReactions (id, reaction_id) values (30, 30);
insert into notificationReactions (id, reaction_id) values (31, 31);
insert into notificationReactions (id, reaction_id) values (32, 32);
insert into notificationReactions (id, reaction_id) values (33, 33);
insert into notificationReactions (id, reaction_id) values (34, 34);
insert into notificationReactions (id, reaction_id) values (35, 35);
insert into notificationReactions (id, reaction_id) values (36, 36);
insert into notificationReactions (id, reaction_id) values (37, 37);
insert into notificationReactions (id, reaction_id) values (38, 38);
insert into notificationReactions (id, reaction_id) values (39, 39);
insert into notificationReactions (id, reaction_id) values (40, 40);
insert into notificationReactions (id, reaction_id) values (41, 41);
insert into notificationReactions (id, reaction_id) values (42, 42);
insert into notificationReactions (id, reaction_id) values (43, 43);
insert into notificationReactions (id, reaction_id) values (44, 44);
insert into notificationReactions (id, reaction_id) values (45, 45);
insert into notificationReactions (id, reaction_id) values (46, 46);
insert into notificationReactions (id, reaction_id) values (47, 47);
insert into notificationReactions (id, reaction_id) values (48, 48);
insert into notificationReactions (id, reaction_id) values (49, 49);
insert into notificationReactions (id, reaction_id) values (50, 50);
insert into notificationReactions (id, reaction_id) values (51, 51);
insert into notificationReactions (id, reaction_id) values (52, 52);
insert into notificationReactions (id, reaction_id) values (53, 53);
insert into notificationReactions (id, reaction_id) values (54, 54);
insert into notificationReactions (id, reaction_id) values (55, 55);
insert into notificationReactions (id, reaction_id) values (56, 56);
insert into notificationReactions (id, reaction_id) values (57, 57);
insert into notificationReactions (id, reaction_id) values (58, 58);
insert into notificationReactions (id, reaction_id) values (59, 59);
insert into notificationReactions (id, reaction_id) values (60, 60);
insert into notificationReactions (id, reaction_id) values (61, 61);
insert into notificationReactions (id, reaction_id) values (62, 62);
insert into notificationReactions (id, reaction_id) values (63, 63);
insert into notificationReactions (id, reaction_id) values (64, 64);
insert into notificationReactions (id, reaction_id) values (65, 65);
insert into notificationReactions (id, reaction_id) values (66, 66);
insert into notificationReactions (id, reaction_id) values (67, 67);
insert into notificationReactions (id, reaction_id) values (68, 68);
insert into notificationReactions (id, reaction_id) values (69, 69);
insert into notificationReactions (id, reaction_id) values (70, 70);
insert into notificationReactions (id, reaction_id) values (71, 71);
insert into notificationReactions (id, reaction_id) values (72, 72);
insert into notificationReactions (id, reaction_id) values (73, 73);
insert into notificationReactions (id, reaction_id) values (74, 74);
insert into notificationReactions (id, reaction_id) values (75, 75);
insert into notificationReactions (id, reaction_id) values (76, 76);
insert into notificationReactions (id, reaction_id) values (77, 77);
insert into notificationReactions (id, reaction_id) values (78, 78);
insert into notificationReactions (id, reaction_id) values (79, 79);
insert into notificationReactions (id, reaction_id) values (80, 80);
insert into notificationReactions (id, reaction_id) values (81, 81);
insert into notificationReactions (id, reaction_id) values (82, 82);
insert into notificationReactions (id, reaction_id) values (83, 83);
insert into notificationReactions (id, reaction_id) values (84, 84);
insert into notificationReactions (id, reaction_id) values (85, 85);
insert into notificationReactions (id, reaction_id) values (86, 86);
insert into notificationReactions (id, reaction_id) values (87, 87);
insert into notificationReactions (id, reaction_id) values (88, 88);
insert into notificationReactions (id, reaction_id) values (89, 89);
insert into notificationReactions (id, reaction_id) values (90, 90);
insert into notificationReactions (id, reaction_id) values (91, 91);
insert into notificationReactions (id, reaction_id) values (92, 92);
insert into notificationReactions (id, reaction_id) values (93, 93);
insert into notificationReactions (id, reaction_id) values (94, 94);
insert into notificationReactions (id, reaction_id) values (95, 95);
insert into notificationReactions (id, reaction_id) values (96, 96);
insert into notificationReactions (id, reaction_id) values (97, 97);
insert into notificationReactions (id, reaction_id) values (98, 98);
insert into notificationReactions (id, reaction_id) values (99, 99);
insert into notificationReactions (id, reaction_id) values (100, 100);
--Notification User Data--
insert into notificationUsers (id, userId) values (1, 1);
insert into notificationUsers (id, userId) values (2, 2);
insert into notificationUsers (id, userId) values (3, 3);
insert into notificationUsers (id, userId) values (4, 4);
insert into notificationUsers (id, userId) values (5, 5);
insert into notificationUsers (id, userId) values (6, 6);
insert into notificationUsers (id, userId) values (7, 7);
insert into notificationUsers (id, userId) values (8, 8);
insert into notificationUsers (id, userId) values (9, 9);
insert into notificationUsers (id, userId) values (10, 10);
insert into notificationUsers (id, userId) values (11, 11);
insert into notificationUsers (id, userId) values (12, 12);
insert into notificationUsers (id, userId) values (13, 13);
insert into notificationUsers (id, userId) values (14, 14);
insert into notificationUsers (id, userId) values (15, 15);
insert into notificationUsers (id, userId) values (16, 16);
insert into notificationUsers (id, userId) values (17, 17);
insert into notificationUsers (id, userId) values (18, 18);
insert into notificationUsers (id, userId) values (19, 19);
insert into notificationUsers (id, userId) values (20, 20);
insert into notificationUsers (id, userId) values (21, 21);
insert into notificationUsers (id, userId) values (22, 22);
insert into notificationUsers (id, userId) values (23, 23);
insert into notificationUsers (id, userId) values (24, 24);
insert into notificationUsers (id, userId) values (25, 25);
insert into notificationUsers (id, userId) values (26, 26);
insert into notificationUsers (id, userId) values (27, 27);
insert into notificationUsers (id, userId) values (28, 28);
insert into notificationUsers (id, userId) values (29, 29);
insert into notificationUsers (id, userId) values (30, 30);
insert into notificationUsers (id, userId) values (31, 31);
insert into notificationUsers (id, userId) values (32, 32);
insert into notificationUsers (id, userId) values (33, 33);
insert into notificationUsers (id, userId) values (34, 34);
insert into notificationUsers (id, userId) values (35, 35);
insert into notificationUsers (id, userId) values (36, 36);
insert into notificationUsers (id, userId) values (37, 37);
insert into notificationUsers (id, userId) values (38, 38);
insert into notificationUsers (id, userId) values (39, 39);
insert into notificationUsers (id, userId) values (40, 40);
insert into notificationUsers (id, userId) values (41, 41);
insert into notificationUsers (id, userId) values (42, 42);
insert into notificationUsers (id, userId) values (43, 43);
insert into notificationUsers (id, userId) values (44, 44);
insert into notificationUsers (id, userId) values (45, 45);
insert into notificationUsers (id, userId) values (46, 46);
insert into notificationUsers (id, userId) values (47, 47);
insert into notificationUsers (id, userId) values (48, 48);
insert into notificationUsers (id, userId) values (49, 49);
insert into notificationUsers (id, userId) values (50, 50);
insert into notificationUsers (id, userId) values (51, 51);
insert into notificationUsers (id, userId) values (52, 52);
insert into notificationUsers (id, userId) values (53, 53);
insert into notificationUsers (id, userId) values (54, 54);
insert into notificationUsers (id, userId) values (55, 55);
insert into notificationUsers (id, userId) values (56, 56);
insert into notificationUsers (id, userId) values (57, 57);
insert into notificationUsers (id, userId) values (58, 58);
insert into notificationUsers (id, userId) values (59, 59);
insert into notificationUsers (id, userId) values (60, 60);
insert into notificationUsers (id, userId) values (61, 61);
insert into notificationUsers (id, userId) values (62, 62);
insert into notificationUsers (id, userId) values (63, 63);
insert into notificationUsers (id, userId) values (64, 64);
insert into notificationUsers (id, userId) values (65, 65);
insert into notificationUsers (id, userId) values (66, 66);
insert into notificationUsers (id, userId) values (67, 67);
insert into notificationUsers (id, userId) values (68, 68);
insert into notificationUsers (id, userId) values (69, 69);
insert into notificationUsers (id, userId) values (70, 70);
insert into notificationUsers (id, userId) values (71, 71);
insert into notificationUsers (id, userId) values (72, 72);
insert into notificationUsers (id, userId) values (73, 73);
insert into notificationUsers (id, userId) values (74, 74);
insert into notificationUsers (id, userId) values (75, 75);
insert into notificationUsers (id, userId) values (76, 76);
insert into notificationUsers (id, userId) values (77, 77);
insert into notificationUsers (id, userId) values (78, 78);
insert into notificationUsers (id, userId) values (79, 79);
insert into notificationUsers (id, userId) values (80, 80);
insert into notificationUsers (id, userId) values (81, 81);
insert into notificationUsers (id, userId) values (82, 82);
insert into notificationUsers (id, userId) values (83, 83);
insert into notificationUsers (id, userId) values (84, 84);
insert into notificationUsers (id, userId) values (85, 85);
insert into notificationUsers (id, userId) values (86, 86);
insert into notificationUsers (id, userId) values (87, 87);
insert into notificationUsers (id, userId) values (88, 88);
insert into notificationUsers (id, userId) values (89, 89);
insert into notificationUsers (id, userId) values (90, 90);
insert into notificationUsers (id, userId) values (91, 91);
insert into notificationUsers (id, userId) values (92, 92);
insert into notificationUsers (id, userId) values (93, 93);
insert into notificationUsers (id, userId) values (94, 94);
insert into notificationUsers (id, userId) values (95, 95);
insert into notificationUsers (id, userId) values (96, 96);
insert into notificationUsers (id, userId) values (97, 97);
insert into notificationUsers (id, userId) values (98, 98);
insert into notificationUsers (id, userId) values (99, 99);
insert into notificationUsers (id, userId) values (100, 100);
