--Notification Data--
insert into notifications (id, userId, type_, text, thumbnail, notificationId) values (1, 3, 'followed_by', '578A5MJ1V36NUBM0481q', 'http://dummyimage.com/110x123.jpg/ff4444/ffffff', 1);
insert into notifications (id, userId, type_, text, thumbnail, notificationId) values (2, 1, 'comment', '2n9bkI805dht16rEy3IE', 'http://dummyimage.com/228x227.png/ff4444/ffffff', 2);
insert into notifications (id, userId, type_, text, thumbnail, notificationId) values (3, 2, 'comment', 'uE72V5EJ422o5260w642', 'http://dummyimage.com/124x160.png/5fa2dd/ffffff', 3);
insert into notifications (id, userId, type_, text, thumbnail, notificationId) values (4, 1, 'comment', 'd268739f594phUl7pN87', 'http://dummyimage.com/231x216.png/5fa2dd/ffffff', 4);
insert into notifications (id, userId, type_, text, thumbnail, notificationId) values (5, 4, 'reaction', 'lw31H55Z7l07ACXx0y6n', 'http://dummyimage.com/152x176.jpg/cc0000/ffffff', 5);
insert into notifications (id, userId, type_, text, thumbnail, notificationId) values (6, 4, 'comment', 'W297l69pdX5cc556x27W', 'http://dummyimage.com/244x110.png/dddddd/000000', 6);
insert into notifications (id, userId, type_, text, thumbnail, notificationId) values (7, 6, 'comment', '6815289G6Q11bh8za5p0', 'http://dummyimage.com/200x112.jpg/5fa2dd/ffffff', 7);
insert into notifications (id, userId, type_, text, thumbnail, notificationId) values (8, 5, 'reaction', 'iM39n72s415r46553B2X', 'http://dummyimage.com/169x245.bmp/5fa2dd/ffffff', 8);
insert into notifications (id, userId, type_, text, thumbnail, notificationId) values (9, 6, 'followed_by', 'PQEPoKR82lb3C6cP86VU', 'http://dummyimage.com/111x174.png/dddddd/000000', 9);
insert into notifications (id, userId, type_, text, thumbnail, notificationId) values (10, 6, 'reaction', '7dPW1Jcs6h5j7TSaT207', 'http://dummyimage.com/113x136.jpg/dddddd/000000', 10);
insert into notifications (id, userId, type_, text, thumbnail, notificationId) values (11, 5, 'followed_by', 'sQi96f0TfO516sTwH5f4', 'http://dummyimage.com/205x202.bmp/cc0000/ffffff', 11);
insert into notifications (id, userId, type_, text, thumbnail, notificationId) values (12, 5, 'reaction', '13k0622U99TCX6vnxjca', 'http://dummyimage.com/217x195.jpg/ff4444/ffffff', 12);
insert into notifications (id, userId, type_, text, thumbnail, notificationId) values (13, 6, 'followed_by', 't37o796a5z7188iX20M3', 'http://dummyimage.com/229x155.png/ff4444/ffffff', 13);
insert into notifications (id, userId, type_, text, thumbnail, notificationId) values (14, 6, 'comment', 'IyaG0Ybf550ixD03as4A', 'http://dummyimage.com/121x126.bmp/5fa2dd/ffffff', 14);
insert into notifications (id, userId, type_, text, thumbnail, notificationId) values (15, 1, 'comment', 'ZWGZEZ2r1956s93SW1s3', 'http://dummyimage.com/199x155.bmp/ff4444/ffffff', 15);
insert into notifications (id, userId, type_, text, thumbnail, notificationId) values (16, 5, 'comment', 'of2zo624919Ca7bpu8pj', 'http://dummyimage.com/187x164.png/cc0000/ffffff', 16);
insert into notifications (id, userId, type_, text, thumbnail, notificationId) values (17, 2, 'followed_by', 'Ip7704C9t8h2Zb2mad8C', 'http://dummyimage.com/181x211.jpg/cc0000/ffffff', 17);
insert into notifications (id, userId, type_, text, thumbnail, notificationId) values (18, 1, 'followed_by', 'XSV35QB4y4og475h0C2g', 'http://dummyimage.com/135x250.bmp/5fa2dd/ffffff', 18);
insert into notifications (id, userId, type_, text, thumbnail, notificationId) values (19, 1, 'followed_by', 'i6497734tv6z89lW1VQA', 'http://dummyimage.com/200x162.jpg/ff4444/ffffff', 19);
insert into notifications (id, userId, type_, text, thumbnail, notificationId) values (20, 4, 'reaction', 'J3DeDG6r9s49YfV0F75B', 'http://dummyimage.com/170x250.bmp/ff4444/ffffff', 20);
insert into notifications (id, userId, type_, text, thumbnail, notificationId) values (21, 3, 'followed_by', '474r62Mk92Qj26v09503', 'http://dummyimage.com/187x121.png/5fa2dd/ffffff', 21);
insert into notifications (id, userId, type_, text, thumbnail, notificationId) values (22, 4, 'followed_by', '40197fk9E8M3wg006gM2', 'http://dummyimage.com/160x132.png/5fa2dd/ffffff', 22);
insert into notifications (id, userId, type_, text, thumbnail, notificationId) values (23, 3, 'comment', '1A984o4j7J7u0gsd68tg', 'http://dummyimage.com/215x213.jpg/5fa2dd/ffffff', 23);
insert into notifications (id, userId, type_, text, thumbnail, notificationId) values (24, 1, 'comment', '73PU4z0DRhDT0928c8dx', 'http://dummyimage.com/245x110.bmp/cc0000/ffffff', 24);
insert into notifications (id, userId, type_, text, thumbnail, notificationId) values (25, 1, 'comment', 'd8qB2Go4469hl0s320lC', 'http://dummyimage.com/227x227.jpg/ff4444/ffffff', 25);
insert into notifications (id, userId, type_, text, thumbnail, notificationId) values (26, 3, 'comment', 'T267J4U1661t1eih09Qo', 'http://dummyimage.com/227x209.png/cc0000/ffffff', 26);
insert into notifications (id, userId, type_, text, thumbnail, notificationId) values (27, 6, 'comment', '7d6706D628quHDPFV583', 'http://dummyimage.com/224x182.bmp/ff4444/ffffff', 27);
insert into notifications (id, userId, type_, text, thumbnail, notificationId) values (28, 4, 'reaction', '01JaH35176ys498AX4qL', 'http://dummyimage.com/147x145.bmp/5fa2dd/ffffff', 28);
insert into notifications (id, userId, type_, text, thumbnail, notificationId) values (29, 5, 'followed_by', '75y52VAm55uW21X0U7fA', 'http://dummyimage.com/215x129.jpg/dddddd/000000', 29);
insert into notifications (id, userId, type_, text, thumbnail, notificationId) values (30, 6, 'reaction', '61i444774680CtR483B3', 'http://dummyimage.com/133x234.jpg/5fa2dd/ffffff', 30);
insert into notifications (id, userId, type_, text, thumbnail, notificationId) values (31, 6, 'comment', 'N89m429o5P0M2313679A', 'http://dummyimage.com/140x168.png/dddddd/000000', 31);
insert into notifications (id, userId, type_, text, thumbnail, notificationId) values (32, 4, 'followed_by', 'jo1y4RHQ2ob5zUfzVL21', 'http://dummyimage.com/114x176.bmp/dddddd/000000', 32);
insert into notifications (id, userId, type_, text, thumbnail, notificationId) values (33, 5, 'reaction', 'x03UZ22a7jP7S9Pt54pi', 'http://dummyimage.com/233x192.png/dddddd/000000', 33);
insert into notifications (id, userId, type_, text, thumbnail, notificationId) values (34, 5, 'reaction', '8072z81z36k9853Y048j', 'http://dummyimage.com/232x155.png/cc0000/ffffff', 34);
insert into notifications (id, userId, type_, text, thumbnail, notificationId) values (35, 2, 'reaction', '3xnCTHH1ZC54812PK44O', 'http://dummyimage.com/116x208.jpg/5fa2dd/ffffff', 35);
insert into notifications (id, userId, type_, text, thumbnail, notificationId) values (36, 4, 'followed_by', 'h8FHcbmM718p6z9DPdG0', 'http://dummyimage.com/105x155.jpg/ff4444/ffffff', 36);
insert into notifications (id, userId, type_, text, thumbnail, notificationId) values (37, 6, 'reaction', 'BO15IRizI5f5871543Q8', 'http://dummyimage.com/202x235.bmp/cc0000/ffffff', 37);
insert into notifications (id, userId, type_, text, thumbnail, notificationId) values (38, 4, 'followed_by', 'y8G394i29a9gJ6eaNkEv', 'http://dummyimage.com/112x153.jpg/dddddd/000000', 38);
insert into notifications (id, userId, type_, text, thumbnail, notificationId) values (39, 5, 'comment', 'pM82Zx59yy023T59vR0e', 'http://dummyimage.com/198x153.bmp/cc0000/ffffff', 39);
insert into notifications (id, userId, type_, text, thumbnail, notificationId) values (40, 3, 'reaction', 'yc17uD389J6mT4A3y05N', 'http://dummyimage.com/145x120.jpg/ff4444/ffffff', 40);
insert into notifications (id, userId, type_, text, thumbnail, notificationId) values (41, 5, 'reaction', 'Lft7036cfz99ZFu41T4O', 'http://dummyimage.com/156x112.bmp/cc0000/ffffff', 41);
insert into notifications (id, userId, type_, text, thumbnail, notificationId) values (42, 6, 'reaction', '0Eo721Q0Bi09liF3IM0c', 'http://dummyimage.com/179x168.bmp/dddddd/000000', 42);
insert into notifications (id, userId, type_, text, thumbnail, notificationId) values (43, 4, 'followed_by', '1BdF99a34qi13p76P7x6', 'http://dummyimage.com/132x173.jpg/ff4444/ffffff', 43);
insert into notifications (id, userId, type_, text, thumbnail, notificationId) values (44, 6, 'followed_by', '24Dz8fW79mDl4m5cw2g3', 'http://dummyimage.com/201x140.bmp/cc0000/ffffff', 44);
insert into notifications (id, userId, type_, text, thumbnail, notificationId) values (45, 5, 'reaction', 'x1209RD5nM2Y439s04fg', 'http://dummyimage.com/215x143.bmp/ff4444/ffffff', 45);
insert into notifications (id, userId, type_, text, thumbnail, notificationId) values (46, 5, 'comment', '9qf6EIk9lF9V6703d692', 'http://dummyimage.com/179x183.png/5fa2dd/ffffff', 46);
insert into notifications (id, userId, type_, text, thumbnail, notificationId) values (47, 6, 'followed_by', 'Uk661L9R4Wl1S9rP0193', 'http://dummyimage.com/146x230.jpg/5fa2dd/ffffff', 47);
insert into notifications (id, userId, type_, text, thumbnail, notificationId) values (48, 3, 'followed_by', '78X199qO8zyQz61ara17', 'http://dummyimage.com/185x246.bmp/ff4444/ffffff', 48);
insert into notifications (id, userId, type_, text, thumbnail, notificationId) values (49, 3, 'reaction', 'K3RWgidjt4kAuh7QUF4D', 'http://dummyimage.com/130x245.jpg/dddddd/000000', 49);
insert into notifications (id, userId, type_, text, thumbnail, notificationId) values (50, 2, 'reaction', '06n1HBeFnEm9g82k0819', 'http://dummyimage.com/178x112.bmp/ff4444/ffffff', 50);
insert into notifications (id, userId, type_, text, thumbnail, notificationId) values (51, 4, 'followed_by', 'j1410j7B7aKOLHR327Z9', 'http://dummyimage.com/137x247.png/dddddd/000000', 51);
insert into notifications (id, userId, type_, text, thumbnail, notificationId) values (52, 2, 'comment', '2E30io75jPoYX7Y1oz9M', 'http://dummyimage.com/195x161.jpg/dddddd/000000', 52);
insert into notifications (id, userId, type_, text, thumbnail, notificationId) values (53, 2, 'reaction', 'hNiqHCw507Yt3648G8CG', 'http://dummyimage.com/161x138.png/dddddd/000000', 53);
insert into notifications (id, userId, type_, text, thumbnail, notificationId) values (54, 3, 'followed_by', '4dytv4Bv7pOJ2uJ1J5NR', 'http://dummyimage.com/224x132.png/5fa2dd/ffffff', 54);
insert into notifications (id, userId, type_, text, thumbnail, notificationId) values (55, 4, 'comment', 'j55UIyb3EZc443mdzp5s', 'http://dummyimage.com/243x188.bmp/dddddd/000000', 55);
insert into notifications (id, userId, type_, text, thumbnail, notificationId) values (56, 2, 'reaction', '9NdNiBR19L7JAXGU193j', 'http://dummyimage.com/178x220.bmp/dddddd/000000', 56);
insert into notifications (id, userId, type_, text, thumbnail, notificationId) values (57, 5, 'followed_by', '90703prYz6uI2hrDj479', 'http://dummyimage.com/141x111.jpg/cc0000/ffffff', 57);
insert into notifications (id, userId, type_, text, thumbnail, notificationId) values (58, 6, 'reaction', 'T116h0czD5rR39h1d840', 'http://dummyimage.com/139x140.png/dddddd/000000', 58);
insert into notifications (id, userId, type_, text, thumbnail, notificationId) values (59, 1, 'comment', '620K4072SE6u7q375rw0', 'http://dummyimage.com/128x228.png/5fa2dd/ffffff', 59);
insert into notifications (id, userId, type_, text, thumbnail, notificationId) values (60, 2, 'reaction', '1j181ko2h1u700gj6pAz', 'http://dummyimage.com/213x203.jpg/ff4444/ffffff', 60);
insert into notifications (id, userId, type_, text, thumbnail, notificationId) values (61, 5, 'comment', '1153u0DnP66DqX5p8i3o', 'http://dummyimage.com/250x180.bmp/ff4444/ffffff', 61);
insert into notifications (id, userId, type_, text, thumbnail, notificationId) values (62, 5, 'followed_by', 'W8mv1n30G340n76JRd75', 'http://dummyimage.com/194x244.png/dddddd/000000', 62);
insert into notifications (id, userId, type_, text, thumbnail, notificationId) values (63, 2, 'followed_by', 'gN4wzj10wkWQ38bQ83f7', 'http://dummyimage.com/221x157.bmp/dddddd/000000', 63);
insert into notifications (id, userId, type_, text, thumbnail, notificationId) values (64, 4, 'comment', '8X7tOrCnl1gO6jdx4Q39', 'http://dummyimage.com/242x227.jpg/5fa2dd/ffffff', 64);
insert into notifications (id, userId, type_, text, thumbnail, notificationId) values (65, 5, 'followed_by', '39Kl71977J85H64IC614', 'http://dummyimage.com/153x236.png/dddddd/000000', 65);
insert into notifications (id, userId, type_, text, thumbnail, notificationId) values (66, 6, 'reaction', '3sd53f8h544g00z9u9t6', 'http://dummyimage.com/192x204.png/cc0000/ffffff', 66);
insert into notifications (id, userId, type_, text, thumbnail, notificationId) values (67, 3, 'comment', '9W1288j51w1Dv15z65OY', 'http://dummyimage.com/138x225.bmp/ff4444/ffffff', 67);
insert into notifications (id, userId, type_, text, thumbnail, notificationId) values (68, 2, 'followed_by', '9Z1wO6611118J9L2727D', 'http://dummyimage.com/232x115.bmp/dddddd/000000', 68);
insert into notifications (id, userId, type_, text, thumbnail, notificationId) values (69, 5, 'reaction', 'Np058Q2Yj5b766mgs6b9', 'http://dummyimage.com/250x147.png/cc0000/ffffff', 69);
insert into notifications (id, userId, type_, text, thumbnail, notificationId) values (70, 3, 'followed_by', '3i494TMbcI740YfuO0k6', 'http://dummyimage.com/187x228.jpg/dddddd/000000', 70);
insert into notifications (id, userId, type_, text, thumbnail, notificationId) values (71, 1, 'reaction', '761Fv67ilz259M2KWqxZ', 'http://dummyimage.com/181x220.png/cc0000/ffffff', 71);
insert into notifications (id, userId, type_, text, thumbnail, notificationId) values (72, 6, 'comment', '1SUS5xj894pV4o3xx2LD', 'http://dummyimage.com/185x250.jpg/ff4444/ffffff', 72);
insert into notifications (id, userId, type_, text, thumbnail, notificationId) values (73, 1, 'followed_by', 'B7Q6fx39tq6cWZ3g7i1e', 'http://dummyimage.com/179x204.jpg/cc0000/ffffff', 73);
insert into notifications (id, userId, type_, text, thumbnail, notificationId) values (74, 6, 'reaction', '5160sMe2368NrH9y39Vu', 'http://dummyimage.com/142x152.png/ff4444/ffffff', 74);
insert into notifications (id, userId, type_, text, thumbnail, notificationId) values (75, 4, 'reaction', 'x4l3pFct2358g0j8Etob', 'http://dummyimage.com/186x145.png/5fa2dd/ffffff', 75);
insert into notifications (id, userId, type_, text, thumbnail, notificationId) values (76, 6, 'reaction', 'Ee44j6676530tMX951r7', 'http://dummyimage.com/160x142.bmp/ff4444/ffffff', 76);
insert into notifications (id, userId, type_, text, thumbnail, notificationId) values (77, 3, 'followed_by', '12VDCL6W2L88n38J32Pl', 'http://dummyimage.com/127x103.bmp/ff4444/ffffff', 77);
insert into notifications (id, userId, type_, text, thumbnail, notificationId) values (78, 4, 'comment', '01l47Umdq1D5Pmyr5Ga4', 'http://dummyimage.com/220x142.jpg/5fa2dd/ffffff', 78);
insert into notifications (id, userId, type_, text, thumbnail, notificationId) values (79, 3, 'comment', 'Jum9529864n54i2Z0M6n', 'http://dummyimage.com/116x163.png/5fa2dd/ffffff', 79);
insert into notifications (id, userId, type_, text, thumbnail, notificationId) values (80, 6, 'followed_by', '4Qu56b5Q4N9I2c32085u', 'http://dummyimage.com/239x176.bmp/cc0000/ffffff', 80);
insert into notifications (id, userId, type_, text, thumbnail, notificationId) values (81, 6, 'reaction', '145K3324F9481mtbs339', 'http://dummyimage.com/212x114.bmp/dddddd/000000', 81);
insert into notifications (id, userId, type_, text, thumbnail, notificationId) values (82, 2, 'followed_by', '18V4d0w3NHJQyEz0uIqP', 'http://dummyimage.com/194x244.bmp/ff4444/ffffff', 82);
insert into notifications (id, userId, type_, text, thumbnail, notificationId) values (83, 6, 'followed_by', '84mUZ17P0F9hoph9J6SL', 'http://dummyimage.com/104x177.jpg/ff4444/ffffff', 83);
insert into notifications (id, userId, type_, text, thumbnail, notificationId) values (84, 1, 'comment', 's87r1p98VTy1s6Q51Wtk', 'http://dummyimage.com/106x145.bmp/5fa2dd/ffffff', 84);
insert into notifications (id, userId, type_, text, thumbnail, notificationId) values (85, 3, 'reaction', '2t8fIsO8775E9RhvWkND', 'http://dummyimage.com/243x124.bmp/dddddd/000000', 85);
insert into notifications (id, userId, type_, text, thumbnail, notificationId) values (86, 6, 'reaction', '1Izw7b386j64vgnnf5r7', 'http://dummyimage.com/156x138.bmp/ff4444/ffffff', 86);
insert into notifications (id, userId, type_, text, thumbnail, notificationId) values (87, 5, 'reaction', 'LK87Z8U9l4R176r686Q5', 'http://dummyimage.com/107x144.bmp/5fa2dd/ffffff', 87);
insert into notifications (id, userId, type_, text, thumbnail, notificationId) values (88, 6, 'comment', '36PS0Bua224tn2o7tEY6', 'http://dummyimage.com/241x116.bmp/dddddd/000000', 88);
insert into notifications (id, userId, type_, text, thumbnail, notificationId) values (89, 2, 'reaction', 'PWy77074s2Ti843LLe03', 'http://dummyimage.com/205x228.png/5fa2dd/ffffff', 89);
insert into notifications (id, userId, type_, text, thumbnail, notificationId) values (90, 3, 'reaction', '5336V05eYMM1z741j0Hv', 'http://dummyimage.com/168x249.jpg/dddddd/000000', 90);
insert into notifications (id, userId, type_, text, thumbnail, notificationId) values (91, 4, 'followed_by', '58t1595FH1844xb916A1', 'http://dummyimage.com/185x191.bmp/5fa2dd/ffffff', 91);
insert into notifications (id, userId, type_, text, thumbnail, notificationId) values (92, 6, 'comment', '6whEU096GwxG8424j79i', 'http://dummyimage.com/177x173.png/dddddd/000000', 92);
insert into notifications (id, userId, type_, text, thumbnail, notificationId) values (93, 3, 'followed_by', 'p4Eo4Iuu7Cb863m0A368', 'http://dummyimage.com/197x163.bmp/dddddd/000000', 93);
insert into notifications (id, userId, type_, text, thumbnail, notificationId) values (94, 2, 'comment', '0w0drM0Th404C75807aJ', 'http://dummyimage.com/129x231.bmp/dddddd/000000', 94);
insert into notifications (id, userId, type_, text, thumbnail, notificationId) values (95, 3, 'followed_by', '44izdpo7JUU9TvZFS3n4', 'http://dummyimage.com/122x219.png/ff4444/ffffff', 95);
insert into notifications (id, userId, type_, text, thumbnail, notificationId) values (96, 4, 'comment', 'X5772GnyLUQzwU5X678B', 'http://dummyimage.com/108x108.png/5fa2dd/ffffff', 96);
insert into notifications (id, userId, type_, text, thumbnail, notificationId) values (97, 5, 'reaction', 'n78i6v80X9V25lzg761k', 'http://dummyimage.com/115x222.png/dddddd/000000', 97);
insert into notifications (id, userId, type_, text, thumbnail, notificationId) values (98, 1, 'followed_by', 'mG2zSta08Z6yYH1J12cI', 'http://dummyimage.com/224x227.png/5fa2dd/ffffff', 98);
insert into notifications (id, userId, type_, text, thumbnail, notificationId) values (99, 4, 'reaction', '39t10pbvg938877bJ1o9', 'http://dummyimage.com/156x230.jpg/ff4444/ffffff', 99);
insert into notifications (id, userId, type_, text, thumbnail, notificationId) values (100, 3, 'followed_by', 'GT8DE9iq226sU2psKmOs', 'http://dummyimage.com/146x163.png/cc0000/ffffff', 100);
--NotificationPost Data--
insert into notificationPosts (id, post_id, comment_id) values (1, 1, 1);
insert into notificationPosts (id, post_id, comment_id) values (2, 2, 2);
insert into notificationPosts (id, post_id, comment_id) values (3, 3, 3);
insert into notificationPosts (id, post_id, comment_id) values (4, 4, 4);
insert into notificationPosts (id, post_id, comment_id) values (5, 5, 5);
insert into notificationPosts (id, post_id, comment_id) values (6, 6, 6);
insert into notificationPosts (id, post_id, comment_id) values (7, 7, 7);
insert into notificationPosts (id, post_id, comment_id) values (8, 8, 8);
insert into notificationPosts (id, post_id, comment_id) values (9, 9, 9);
insert into notificationPosts (id, post_id, comment_id) values (10, 10, 10);
insert into notificationPosts (id, post_id, comment_id) values (11, 11, 11);
insert into notificationPosts (id, post_id, comment_id) values (12, 12, 12);
insert into notificationPosts (id, post_id, comment_id) values (13, 13, 13);
insert into notificationPosts (id, post_id, comment_id) values (14, 14, 14);
insert into notificationPosts (id, post_id, comment_id) values (15, 15, 15);
insert into notificationPosts (id, post_id, comment_id) values (16, 16, 16);
insert into notificationPosts (id, post_id, comment_id) values (17, 17, 17);
insert into notificationPosts (id, post_id, comment_id) values (18, 18, 18);
insert into notificationPosts (id, post_id, comment_id) values (19, 19, 19);
insert into notificationPosts (id, post_id, comment_id) values (20, 20, 20);
insert into notificationPosts (id, post_id, comment_id) values (21, 21, 21);
insert into notificationPosts (id, post_id, comment_id) values (22, 22, 22);
insert into notificationPosts (id, post_id, comment_id) values (23, 23, 23);
insert into notificationPosts (id, post_id, comment_id) values (24, 24, 24);
insert into notificationPosts (id, post_id, comment_id) values (25, 25, 25);
insert into notificationPosts (id, post_id, comment_id) values (26, 26, 26);
insert into notificationPosts (id, post_id, comment_id) values (27, 27, 27);
insert into notificationPosts (id, post_id, comment_id) values (28, 28, 28);
insert into notificationPosts (id, post_id, comment_id) values (29, 29, 29);
insert into notificationPosts (id, post_id, comment_id) values (30, 30, 30);
insert into notificationPosts (id, post_id, comment_id) values (31, 31, 31);
insert into notificationPosts (id, post_id, comment_id) values (32, 32, 32);
insert into notificationPosts (id, post_id, comment_id) values (33, 33, 33);
insert into notificationPosts (id, post_id, comment_id) values (34, 34, 34);
insert into notificationPosts (id, post_id, comment_id) values (35, 35, 35);
insert into notificationPosts (id, post_id, comment_id) values (36, 36, 36);
insert into notificationPosts (id, post_id, comment_id) values (37, 37, 37);
insert into notificationPosts (id, post_id, comment_id) values (38, 38, 38);
insert into notificationPosts (id, post_id, comment_id) values (39, 39, 39);
insert into notificationPosts (id, post_id, comment_id) values (40, 40, 40);
insert into notificationPosts (id, post_id, comment_id) values (41, 41, 41);
insert into notificationPosts (id, post_id, comment_id) values (42, 42, 42);
insert into notificationPosts (id, post_id, comment_id) values (43, 43, 43);
insert into notificationPosts (id, post_id, comment_id) values (44, 44, 44);
insert into notificationPosts (id, post_id, comment_id) values (45, 45, 45);
insert into notificationPosts (id, post_id, comment_id) values (46, 46, 46);
insert into notificationPosts (id, post_id, comment_id) values (47, 47, 47);
insert into notificationPosts (id, post_id, comment_id) values (48, 48, 48);
insert into notificationPosts (id, post_id, comment_id) values (49, 49, 49);
insert into notificationPosts (id, post_id, comment_id) values (50, 50, 50);
insert into notificationPosts (id, post_id, comment_id) values (51, 51, 51);
insert into notificationPosts (id, post_id, comment_id) values (52, 52, 52);
insert into notificationPosts (id, post_id, comment_id) values (53, 53, 53);
insert into notificationPosts (id, post_id, comment_id) values (54, 54, 54);
insert into notificationPosts (id, post_id, comment_id) values (55, 55, 55);
insert into notificationPosts (id, post_id, comment_id) values (56, 56, 56);
insert into notificationPosts (id, post_id, comment_id) values (57, 57, 57);
insert into notificationPosts (id, post_id, comment_id) values (58, 58, 58);
insert into notificationPosts (id, post_id, comment_id) values (59, 59, 59);
insert into notificationPosts (id, post_id, comment_id) values (60, 60, 60);
insert into notificationPosts (id, post_id, comment_id) values (61, 61, 61);
insert into notificationPosts (id, post_id, comment_id) values (62, 62, 62);
insert into notificationPosts (id, post_id, comment_id) values (63, 63, 63);
insert into notificationPosts (id, post_id, comment_id) values (64, 64, 64);
insert into notificationPosts (id, post_id, comment_id) values (65, 65, 65);
insert into notificationPosts (id, post_id, comment_id) values (66, 66, 66);
insert into notificationPosts (id, post_id, comment_id) values (67, 67, 67);
insert into notificationPosts (id, post_id, comment_id) values (68, 68, 68);
insert into notificationPosts (id, post_id, comment_id) values (69, 69, 69);
insert into notificationPosts (id, post_id, comment_id) values (70, 70, 70);
insert into notificationPosts (id, post_id, comment_id) values (71, 71, 71);
insert into notificationPosts (id, post_id, comment_id) values (72, 72, 72);
insert into notificationPosts (id, post_id, comment_id) values (73, 73, 73);
insert into notificationPosts (id, post_id, comment_id) values (74, 74, 74);
insert into notificationPosts (id, post_id, comment_id) values (75, 75, 75);
insert into notificationPosts (id, post_id, comment_id) values (76, 76, 76);
insert into notificationPosts (id, post_id, comment_id) values (77, 77, 77);
insert into notificationPosts (id, post_id, comment_id) values (78, 78, 78);
insert into notificationPosts (id, post_id, comment_id) values (79, 79, 79);
insert into notificationPosts (id, post_id, comment_id) values (80, 80, 80);
insert into notificationPosts (id, post_id, comment_id) values (81, 81, 81);
insert into notificationPosts (id, post_id, comment_id) values (82, 82, 82);
insert into notificationPosts (id, post_id, comment_id) values (83, 83, 83);
insert into notificationPosts (id, post_id, comment_id) values (84, 84, 84);
insert into notificationPosts (id, post_id, comment_id) values (85, 85, 85);
insert into notificationPosts (id, post_id, comment_id) values (86, 86, 86);
insert into notificationPosts (id, post_id, comment_id) values (87, 87, 87);
insert into notificationPosts (id, post_id, comment_id) values (88, 88, 88);
insert into notificationPosts (id, post_id, comment_id) values (89, 89, 89);
insert into notificationPosts (id, post_id, comment_id) values (90, 90, 90);
insert into notificationPosts (id, post_id, comment_id) values (91, 91, 91);
insert into notificationPosts (id, post_id, comment_id) values (92, 92, 92);
insert into notificationPosts (id, post_id, comment_id) values (93, 93, 93);
insert into notificationPosts (id, post_id, comment_id) values (94, 94, 94);
insert into notificationPosts (id, post_id, comment_id) values (95, 95, 95);
insert into notificationPosts (id, post_id, comment_id) values (96, 96, 96);
insert into notificationPosts (id, post_id, comment_id) values (97, 97, 97);
insert into notificationPosts (id, post_id, comment_id) values (98, 98, 98);
insert into notificationPosts (id, post_id, comment_id) values (99, 99, 99);
insert into notificationPosts (id, post_id, comment_id) values (100, 100, 100);
--Notification Reaction Data--
insert into notificationReactions (id, reaction_id) values (1, 1);
insert into notificationReactions (id, reaction_id) values (2, 2);
insert into notificationReactions (id, reaction_id) values (3, 3);
insert into notificationReactions (id, reaction_id) values (4, 4);
insert into notificationReactions (id, reaction_id) values (5, 5);
insert into notificationReactions (id, reaction_id) values (6, 6);
insert into notificationReactions (id, reaction_id) values (7, 7);
insert into notificationReactions (id, reaction_id) values (8, 8);
insert into notificationReactions (id, reaction_id) values (9, 9);
insert into notificationReactions (id, reaction_id) values (10, 10);
insert into notificationReactions (id, reaction_id) values (11, 11);
insert into notificationReactions (id, reaction_id) values (12, 12);
insert into notificationReactions (id, reaction_id) values (13, 13);
insert into notificationReactions (id, reaction_id) values (14, 14);
insert into notificationReactions (id, reaction_id) values (15, 15);
insert into notificationReactions (id, reaction_id) values (16, 16);
insert into notificationReactions (id, reaction_id) values (17, 17);
insert into notificationReactions (id, reaction_id) values (18, 18);
insert into notificationReactions (id, reaction_id) values (19, 19);
insert into notificationReactions (id, reaction_id) values (20, 20);
insert into notificationReactions (id, reaction_id) values (21, 21);
insert into notificationReactions (id, reaction_id) values (22, 22);
insert into notificationReactions (id, reaction_id) values (23, 23);
insert into notificationReactions (id, reaction_id) values (24, 24);
insert into notificationReactions (id, reaction_id) values (25, 25);
insert into notificationReactions (id, reaction_id) values (26, 26);
insert into notificationReactions (id, reaction_id) values (27, 27);
insert into notificationReactions (id, reaction_id) values (28, 28);
insert into notificationReactions (id, reaction_id) values (29, 29);
insert into notificationReactions (id, reaction_id) values (30, 30);
insert into notificationReactions (id, reaction_id) values (31, 31);
insert into notificationReactions (id, reaction_id) values (32, 32);
insert into notificationReactions (id, reaction_id) values (33, 33);
insert into notificationReactions (id, reaction_id) values (34, 34);
insert into notificationReactions (id, reaction_id) values (35, 35);
insert into notificationReactions (id, reaction_id) values (36, 36);
insert into notificationReactions (id, reaction_id) values (37, 37);
insert into notificationReactions (id, reaction_id) values (38, 38);
insert into notificationReactions (id, reaction_id) values (39, 39);
insert into notificationReactions (id, reaction_id) values (40, 40);
insert into notificationReactions (id, reaction_id) values (41, 41);
insert into notificationReactions (id, reaction_id) values (42, 42);
insert into notificationReactions (id, reaction_id) values (43, 43);
insert into notificationReactions (id, reaction_id) values (44, 44);
insert into notificationReactions (id, reaction_id) values (45, 45);
insert into notificationReactions (id, reaction_id) values (46, 46);
insert into notificationReactions (id, reaction_id) values (47, 47);
insert into notificationReactions (id, reaction_id) values (48, 48);
insert into notificationReactions (id, reaction_id) values (49, 49);
insert into notificationReactions (id, reaction_id) values (50, 50);
insert into notificationReactions (id, reaction_id) values (51, 51);
insert into notificationReactions (id, reaction_id) values (52, 52);
insert into notificationReactions (id, reaction_id) values (53, 53);
insert into notificationReactions (id, reaction_id) values (54, 54);
insert into notificationReactions (id, reaction_id) values (55, 55);
insert into notificationReactions (id, reaction_id) values (56, 56);
insert into notificationReactions (id, reaction_id) values (57, 57);
insert into notificationReactions (id, reaction_id) values (58, 58);
insert into notificationReactions (id, reaction_id) values (59, 59);
insert into notificationReactions (id, reaction_id) values (60, 60);
insert into notificationReactions (id, reaction_id) values (61, 61);
insert into notificationReactions (id, reaction_id) values (62, 62);
insert into notificationReactions (id, reaction_id) values (63, 63);
insert into notificationReactions (id, reaction_id) values (64, 64);
insert into notificationReactions (id, reaction_id) values (65, 65);
insert into notificationReactions (id, reaction_id) values (66, 66);
insert into notificationReactions (id, reaction_id) values (67, 67);
insert into notificationReactions (id, reaction_id) values (68, 68);
insert into notificationReactions (id, reaction_id) values (69, 69);
insert into notificationReactions (id, reaction_id) values (70, 70);
insert into notificationReactions (id, reaction_id) values (71, 71);
insert into notificationReactions (id, reaction_id) values (72, 72);
insert into notificationReactions (id, reaction_id) values (73, 73);
insert into notificationReactions (id, reaction_id) values (74, 74);
insert into notificationReactions (id, reaction_id) values (75, 75);
insert into notificationReactions (id, reaction_id) values (76, 76);
insert into notificationReactions (id, reaction_id) values (77, 77);
insert into notificationReactions (id, reaction_id) values (78, 78);
insert into notificationReactions (id, reaction_id) values (79, 79);
insert into notificationReactions (id, reaction_id) values (80, 80);
insert into notificationReactions (id, reaction_id) values (81, 81);
insert into notificationReactions (id, reaction_id) values (82, 82);
insert into notificationReactions (id, reaction_id) values (83, 83);
insert into notificationReactions (id, reaction_id) values (84, 84);
insert into notificationReactions (id, reaction_id) values (85, 85);
insert into notificationReactions (id, reaction_id) values (86, 86);
insert into notificationReactions (id, reaction_id) values (87, 87);
insert into notificationReactions (id, reaction_id) values (88, 88);
insert into notificationReactions (id, reaction_id) values (89, 89);
insert into notificationReactions (id, reaction_id) values (90, 90);
insert into notificationReactions (id, reaction_id) values (91, 91);
insert into notificationReactions (id, reaction_id) values (92, 92);
insert into notificationReactions (id, reaction_id) values (93, 93);
insert into notificationReactions (id, reaction_id) values (94, 94);
insert into notificationReactions (id, reaction_id) values (95, 95);
insert into notificationReactions (id, reaction_id) values (96, 96);
insert into notificationReactions (id, reaction_id) values (97, 97);
insert into notificationReactions (id, reaction_id) values (98, 98);
insert into notificationReactions (id, reaction_id) values (99, 99);
insert into notificationReactions (id, reaction_id) values (100, 100);
--Notification User Data--
insert into notificationUsers (id, userId) values (1, 1);
insert into notificationUsers (id, userId) values (2, 2);
insert into notificationUsers (id, userId) values (3, 3);
insert into notificationUsers (id, userId) values (4, 4);
insert into notificationUsers (id, userId) values (5, 5);
insert into notificationUsers (id, userId) values (6, 6);
insert into notificationUsers (id, userId) values (7, 7);
insert into notificationUsers (id, userId) values (8, 8);
insert into notificationUsers (id, userId) values (9, 9);
insert into notificationUsers (id, userId) values (10, 10);
insert into notificationUsers (id, userId) values (11, 11);
insert into notificationUsers (id, userId) values (12, 12);
insert into notificationUsers (id, userId) values (13, 13);
insert into notificationUsers (id, userId) values (14, 14);
insert into notificationUsers (id, userId) values (15, 15);
insert into notificationUsers (id, userId) values (16, 16);
insert into notificationUsers (id, userId) values (17, 17);
insert into notificationUsers (id, userId) values (18, 18);
insert into notificationUsers (id, userId) values (19, 19);
insert into notificationUsers (id, userId) values (20, 20);
insert into notificationUsers (id, userId) values (21, 21);
insert into notificationUsers (id, userId) values (22, 22);
insert into notificationUsers (id, userId) values (23, 23);
insert into notificationUsers (id, userId) values (24, 24);
insert into notificationUsers (id, userId) values (25, 25);
insert into notificationUsers (id, userId) values (26, 26);
insert into notificationUsers (id, userId) values (27, 27);
insert into notificationUsers (id, userId) values (28, 28);
insert into notificationUsers (id, userId) values (29, 29);
insert into notificationUsers (id, userId) values (30, 30);
insert into notificationUsers (id, userId) values (31, 31);
insert into notificationUsers (id, userId) values (32, 32);
insert into notificationUsers (id, userId) values (33, 33);
insert into notificationUsers (id, userId) values (34, 34);
insert into notificationUsers (id, userId) values (35, 35);
insert into notificationUsers (id, userId) values (36, 36);
insert into notificationUsers (id, userId) values (37, 37);
insert into notificationUsers (id, userId) values (38, 38);
insert into notificationUsers (id, userId) values (39, 39);
insert into notificationUsers (id, userId) values (40, 40);
insert into notificationUsers (id, userId) values (41, 41);
insert into notificationUsers (id, userId) values (42, 42);
insert into notificationUsers (id, userId) values (43, 43);
insert into notificationUsers (id, userId) values (44, 44);
insert into notificationUsers (id, userId) values (45, 45);
insert into notificationUsers (id, userId) values (46, 46);
insert into notificationUsers (id, userId) values (47, 47);
insert into notificationUsers (id, userId) values (48, 48);
insert into notificationUsers (id, userId) values (49, 49);
insert into notificationUsers (id, userId) values (50, 50);
insert into notificationUsers (id, userId) values (51, 51);
insert into notificationUsers (id, userId) values (52, 52);
insert into notificationUsers (id, userId) values (53, 53);
insert into notificationUsers (id, userId) values (54, 54);
insert into notificationUsers (id, userId) values (55, 55);
insert into notificationUsers (id, userId) values (56, 56);
insert into notificationUsers (id, userId) values (57, 57);
insert into notificationUsers (id, userId) values (58, 58);
insert into notificationUsers (id, userId) values (59, 59);
insert into notificationUsers (id, userId) values (60, 60);
insert into notificationUsers (id, userId) values (61, 61);
insert into notificationUsers (id, userId) values (62, 62);
insert into notificationUsers (id, userId) values (63, 63);
insert into notificationUsers (id, userId) values (64, 64);
insert into notificationUsers (id, userId) values (65, 65);
insert into notificationUsers (id, userId) values (66, 66);
insert into notificationUsers (id, userId) values (67, 67);
insert into notificationUsers (id, userId) values (68, 68);
insert into notificationUsers (id, userId) values (69, 69);
insert into notificationUsers (id, userId) values (70, 70);
insert into notificationUsers (id, userId) values (71, 71);
insert into notificationUsers (id, userId) values (72, 72);
insert into notificationUsers (id, userId) values (73, 73);
insert into notificationUsers (id, userId) values (74, 74);
insert into notificationUsers (id, userId) values (75, 75);
insert into notificationUsers (id, userId) values (76, 76);
insert into notificationUsers (id, userId) values (77, 77);
insert into notificationUsers (id, userId) values (78, 78);
insert into notificationUsers (id, userId) values (79, 79);
insert into notificationUsers (id, userId) values (80, 80);
insert into notificationUsers (id, userId) values (81, 81);
insert into notificationUsers (id, userId) values (82, 82);
insert into notificationUsers (id, userId) values (83, 83);
insert into notificationUsers (id, userId) values (84, 84);
insert into notificationUsers (id, userId) values (85, 85);
insert into notificationUsers (id, userId) values (86, 86);
insert into notificationUsers (id, userId) values (87, 87);
insert into notificationUsers (id, userId) values (88, 88);
insert into notificationUsers (id, userId) values (89, 89);
insert into notificationUsers (id, userId) values (90, 90);
insert into notificationUsers (id, userId) values (91, 91);
insert into notificationUsers (id, userId) values (92, 92);
insert into notificationUsers (id, userId) values (93, 93);
insert into notificationUsers (id, userId) values (94, 94);
insert into notificationUsers (id, userId) values (95, 95);
insert into notificationUsers (id, userId) values (96, 96);
insert into notificationUsers (id, userId) values (97, 97);
insert into notificationUsers (id, userId) values (98, 98);
insert into notificationUsers (id, userId) values (99, 99);
insert into notificationUsers (id, userId) values (100, 100);
